
{"useVlocityTriggers":true,"status":"Complete","processMultiple":true,"primaryDataPackType":"MultiPack","primaryDataPackKey":"DataPackExportList","maxDepth":-1,"isChunked":false,"ignoreAllErrors":false,"forceQueueable":false,"forceOldDataModel":null,"dataPacks":[{"VlocityPrimarySourceId":"a0W5e000001LspBEAS","VlocityPreviousPageKey":null,"VlocityMultiPackParentKey":null,"VlocityDepthFromPrimary":0,"VlocityDataPackType":"AttributeCategory","VlocityDataPackStatus":"Success","VlocityDataPackRelationshipType":"Sibling","VlocityDataPackRecords":[],"VlocityDataPackParents":["b7884dc874e3742b1802993d2399ef18","658d3a8c458a5c92d6b8567f9bef6ac2","8b28b3a0eb76b36b635570021c55c229","93f6009c98c0f1f2fd577aa744e54953","8c516c0b106d2155759291e581bc01e4","8476c43fcff6f8693fee192d446d1f48","cd50a1ec49e9a3aaff0fbd01e841e751","ab7c2b159e084008b3e0a6ae406a2b5a","d43dd6e5feab69b67e3163d46693dfd2","13d6f574aa47984e50a9b8ef3e2a416c","c379471cf6a177beb67c77910ffdff88","c00d8b2964dc5955dd5fbcc2bbc74595","5d4c2bd6fcfc24460d8994847c0c79f7","8693aeafc34c2e25d3a9fa32f66de172","8c7521cae89423a8add796bbc95966e0","6c08d816993e29e7fa7d20cbd00a0d05","174ab2a2d951d1ba7b402ccfccace010","2b27754ec1c01cb1fed726c10fa6972d","eb0474966392151e1c7596b2d2790624","f67946ddc1f76162ac46893f33b43d48","e236794c684ea23be8a129569ebc11ab","16f0befe8d801cdfa4d06de6bfbac8c9","75ac223aa645a5f08dc8b247f2b4c913"],"VlocityDataPackName":"TMForum","VlocityDataPackMessage":null,"VlocityDataPackLabel":"Attribute Category","VlocityDataPackKey":"e4d35f7cf1e620b58b0acbdda241dfe9","VlocityDataPackIsNotSupported":false,"VlocityDataPackIsIncluded":true,"VlocityDataPackData":{"VlocityDataPackRelationshipType":"Sibling","VlocityDataPackKey":"e4d35f7cf1e620b58b0acbdda241dfe9","VlocityDataPackLabel":"Attribute Category","VlocityDataPackType":"AttributeCategory","Id":"a0W5e000001LspBEAS","%vlocity_namespace%__AttributeCategory__c":[{"Id":"a0W5e000001LspBEAS","Name":"TMForum","LastViewedDate":"2023-05-08T11:16:16.000Z","LastReferencedDate":"2023-05-08T11:16:16.000Z","%vlocity_namespace%__ApplicableSubType__c":"Product Attribute","%vlocity_namespace%__ApplicableTypes__c":"Product2","%vlocity_namespace%__Code__c":"d98c2c16-9a5c-47b7-ede2-da1f69fccbcd","%vlocity_namespace%__Description__c":"TMForum","%vlocity_namespace%__DisplayFilter__c":false,"%vlocity_namespace%__DisplaySequence__c":12,"%vlocity_namespace%__IsActive__c":true,"%vlocity_namespace%__IsUserAttributesCreatedPrivate__c":false,"%vlocity_namespace%__LockedFlg__c":false,"%vlocity_namespace%__UIControlType__c":"On-Off","%vlocity_namespace%__GlobalKey__c":"30c4ea63-9b7e-ac8a-b91c-bd70691c4a17","%vlocity_namespace%__IsPrivate__c":false,"%vlocity_namespace%__Status__c":"Production","%vlocity_namespace%__Attribute__c":[],"VlocityRecordSObjectType":"%vlocity_namespace%__AttributeCategory__c","VlocityDataPackType":"SObject","VlocityRecordSourceKey":"VlocityRecordSourceKey:a0W5e000001LspBEAS","VlocityDataPackIsIncluded":true,"%vlocity_namespace%__ApplicableTypesFilter__c":"","%vlocity_namespace%__ColorCode__c":"","%vlocity_namespace%__EffectiveFromDate__c":"","%vlocity_namespace%__EffectiveUntilDate__c":"","%vlocity_namespace%__IndustryVertical__c":""}],"VlocityDataPackIsIncluded":true},"VlocityDataPackAllRelationships":{"b7884dc874e3742b1802993d2399ef18":"Reference by Salesforce Id","658d3a8c458a5c92d6b8567f9bef6ac2":"Reference by Salesforce Id","8b28b3a0eb76b36b635570021c55c229":"Reference by Salesforce Id","93f6009c98c0f1f2fd577aa744e54953":"Reference by Salesforce Id","8c516c0b106d2155759291e581bc01e4":"Reference by Salesforce Id","8476c43fcff6f8693fee192d446d1f48":"Reference by Salesforce Id","cd50a1ec49e9a3aaff0fbd01e841e751":"Reference by Salesforce Id","ab7c2b159e084008b3e0a6ae406a2b5a":"Reference by Salesforce Id","d43dd6e5feab69b67e3163d46693dfd2":"Reference by Salesforce Id","13d6f574aa47984e50a9b8ef3e2a416c":"Reference by Salesforce Id","c379471cf6a177beb67c77910ffdff88":"Reference by Salesforce Id","c00d8b2964dc5955dd5fbcc2bbc74595":"Reference by Salesforce Id","5d4c2bd6fcfc24460d8994847c0c79f7":"Reference by Salesforce Id","8693aeafc34c2e25d3a9fa32f66de172":"Reference by Salesforce Id","8c7521cae89423a8add796bbc95966e0":"Reference by Salesforce Id","6c08d816993e29e7fa7d20cbd00a0d05":"Reference by Salesforce Id","174ab2a2d951d1ba7b402ccfccace010":"Reference by Salesforce Id","2b27754ec1c01cb1fed726c10fa6972d":"Reference by Salesforce Id","eb0474966392151e1c7596b2d2790624":"Reference by Salesforce Id","f67946ddc1f76162ac46893f33b43d48":"Reference by Salesforce Id","e236794c684ea23be8a129569ebc11ab":"Reference by Salesforce Id","16f0befe8d801cdfa4d06de6bfbac8c9":"Reference by Salesforce Id","75ac223aa645a5f08dc8b247f2b4c913":"Reference by Salesforce Id","c67cde88fda823a4ff84504d955a4b87":"Reference by Salesforce Id"},"DataPackAttachmentSize":4494,"DataPackAttachmentParentId":"a0K5e00000APRRVEA5","DataPackAttachmentId":"00P5e00000hF1KoEAK","ActivationStatus":"NA"}],"dataPackId":"a0K5e00000APRRVEA5","alreadyExportedKeys":[],"name":"Vlocity Attribute Categories Multipack","version":1}